{"cameraMode":{"drawMode":0,"name":"Shaded","section":"Shading Mode"},"sceneLighting":true,"audioPlay":false,"sceneViewState":{"showFog":false,"showMaterialUpdate":false,"showSkybox":true,"showFlares":false,"showImageEffects":false,"showParticleSystems":false},"in2DMode":false,"pivot":{"x":493.3860778808594,"y":247.9457244873047,"z":-180.4086151123047},"rotation":{"x":0.1040847972035408,"y":-0.08848372101783753,"z":-0.00929849874228239,"w":-0.9905850887298584},"size":104.27767181396485,"orthographic":false}