{"cameraMode":{"drawMode":0,"name":"Shaded","section":"Shading Mode"},"sceneLighting":true,"audioPlay":false,"sceneViewState":{"showFog":false,"showMaterialUpdate":false,"showSkybox":true,"showFlares":false,"showImageEffects":false,"showParticleSystems":false},"in2DMode":false,"pivot":{"x":4.998876571655273,"y":-30.483020782470704,"z":-3.3168022632598879},"rotation":{"x":0.15782353281974793,"y":0.8067654371261597,"z":-0.2485068291425705,"w":0.5123425722122192},"size":43.86974334716797,"orthographic":false}