{"cameraMode":{"drawMode":0,"name":"Shaded","section":"Shading Mode"},"sceneLighting":true,"audioPlay":false,"sceneViewState":{"showFog":false,"showMaterialUpdate":false,"showSkybox":true,"showFlares":false,"showImageEffects":false,"showParticleSystems":false},"in2DMode":false,"pivot":{"x":0.15399998426437379,"y":1.781000018119812,"z":-4.89300012588501},"rotation":{"x":0.023075822740793229,"y":0.9471803307533264,"z":-0.31210970878601076,"w":0.07003018260002136},"size":1.8123724460601807,"orthographic":false}