{"cameraMode":{"drawMode":0,"name":"Shaded","section":"Shading Mode"},"sceneLighting":true,"audioPlay":false,"sceneViewState":{"showFog":false,"showMaterialUpdate":false,"showSkybox":true,"showFlares":false,"showImageEffects":false,"showParticleSystems":false},"in2DMode":false,"pivot":{"x":-1.004605770111084,"y":3.3760170936584474,"z":2.3684914112091066},"rotation":{"x":0.3818517029285431,"y":0.008316484279930592,"z":-0.0034264675341546537,"w":0.9241944551467896},"size":16.82894515991211,"orthographic":false}