{"cameraMode":{"drawMode":0,"name":"Shaded","section":"Shading Mode"},"sceneLighting":false,"audioPlay":false,"sceneViewState":{"showFog":false,"showMaterialUpdate":false,"showSkybox":false,"showFlares":false,"showImageEffects":false,"showParticleSystems":false},"in2DMode":false,"pivot":{"x":681.9520263671875,"y":383.5,"z":-2.571500062942505},"rotation":{"x":0.3818517029285431,"y":0.008316484279930592,"z":-0.0034264675341546537,"w":0.9241944551467896},"size":537.0027465820313,"orthographic":false}