{"cameraMode":{"drawMode":0,"name":"Shaded","section":"Shading Mode"},"sceneLighting":true,"audioPlay":false,"sceneViewState":{"showFog":false,"showMaterialUpdate":false,"showSkybox":true,"showFlares":false,"showImageEffects":false,"showParticleSystems":false},"in2DMode":false,"pivot":{"x":-0.4328208863735199,"y":0.01625833474099636,"z":-5.044981956481934},"rotation":{"x":0.40141499042510989,"y":-0.17946958541870118,"z":0.08054433017969132,"w":0.8945310711860657},"size":4.736086845397949,"orthographic":false}